trial,testing,parameters,initial_deadline,final_deadline,net_reward,actions,success
1,False,"{'a': 0.5, 'e': 0.95}",25,0,-199.9679904510329,"{0: 16, 1: 0, 2: 4, 3: 1, 4: 4}",0
2,False,"{'a': 0.5, 'e': 0.8999999999999999}",25,0,-152.18120776599085,"{0: 11, 1: 4, 2: 8, 3: 1, 4: 1}",0
3,False,"{'a': 0.5, 'e': 0.8499999999999999}",20,0,-165.88678580398653,"{0: 9, 1: 2, 2: 5, 3: 2, 4: 2}",0
